AI_provider,task_type,date_of_run,task_model,task_tokens,TASK MCP,evaluator_token,evaluator_model,EVALUATOR MCP,Premium Request,Scoring,Confidence,Input tokens,Output tokens,Cache Read tokens,Cache Write tokens,Reasoning tokens,Tool calls,Tools usage,Reasoning,Source
Gemini,react-nextjs-fe,5/21/2026 12:04,gemini-3.1-pro-preview,"777,746",No,"2,310,800",copilot/gpt-5.4,Yes,,6.0,0.96,355500,846,156500.0,,,,,"Aurora Simulation Lab builds and its source shows a real React Three Fiber simulation dashboard in counter-app, but the provided tool output overstates live verification. Direct verification found browser tools were available and the single allowed dev run failed at GET / with a 500 runtime error (`Could not find the module ""[project]/node_modules/next/dist/client/components/builtin/global-error.js#default"" in the React Client Manifest`), so the app's end-to-end runtime behavior was not actually demonstrated.",.runs/2026-05-21T12-04-25-298Z/results.json
Cursor CLI,react-nextjs-fe,5/21/2026 11:33,composer-2-fast,"1,073,000",No,"205,000",cursor/composer-2-fast,No,5-8,8.9,0.91,44000,29000,1000000.0,,,,,"Aurora Simulation Lab in counter-app: production build succeeds; layout metadata sets the correct title; AuroraLab implements four named scenarios with gated selection, Run/Pause/Resume/Reset, mission progress, phase chips, and four HUD metrics wired to requestAnimationFrame drift plus pause gating; SimulationViewport uses Canvas with scenario-specific fog, camera, and distinct Three.js geometry with useFrame motion tied to running and paused. Live HTTP GET to localhost:3000 confirmed the app title and counter-app bundles. End-to-end button and WebGL pixel verification were not run because this session exposes no Playwright or MCP browser tools, only shell.",.runs/runs-cursor-26223181263/.runs/2026-05-21T11-33-44-202Z/results.json
Gemini,react-nextjs-fe,5/21/2026 11:28,gemini-3.1-pro-preview,"590,554",No,"460,900",copilot/gpt-5.4,Yes,,8.8,0.93,319600,954,70200.0,,,,,"Aurora Simulation Lab shows strong evidence of a polished Next.js implementation with a real React Three Fiber scene, responsive layouts, explicit scenario/control logic, and a successful production build. The main deduction is that direct end-to-end browser interaction was blocked here, so live confirmation of Run/Pause/Reset state transitions relies on source evidence rather than observed DOM changes.",.runs/2026-05-21T11-28-41-836Z/results.json
Gemini,react-nextjs-fe,5/21/2026 11:28,gemini-3.1-pro-preview,"590,554",No,"460,900",copilot/gpt-5.4,Yes,,8.8,0.93,319600,954,70200.0,,,,,"Aurora Simulation Lab shows strong evidence of a polished Next.js implementation with a real React Three Fiber scene, responsive layouts, explicit scenario/control logic, and a successful production build. The main deduction is that direct end-to-end browser interaction was blocked here, so live confirmation of Run/Pause/Reset state transitions relies on source evidence rather than observed DOM changes.",.runs/2026-05-21T11-28-41-834Z - Gemini/results.json
Gemini,react-nextjs-fe,5/21/2026 10:47,gemini-3.1-pro-preview,"1,041,559",No,"180,984",gemini/gemini-3.1-pro-preview,Yes,,9.0,0.95,487100,859,202400.0,,,,,"Since browser automation was unavailable in this environment, scoring was conducted conservatively based on static code review and the confirmed successful build. The review of the code inside counter-app reveals a highly polished and complex Aurora Simulation Lab application that extensively leverages Three.js for its scenario-reactive 3D scene and fully implements the required controls and telemetry.",.runs/2026-05-21T10-47-45-579Z/results.json
Cursor CLI,react-nextjs-fe,5/21/2026 7:18,composer-2-fast,"737,900",No,"109,300",cursor/composer-2-fast,No,5-8,8.6,0.91,32700,24200,681000.0,,,,,"Weighted blend across five criteria: Aurora Simulation Lab under counter-app compiles successfully and source shows a coherent R3F Three.js viewport with scenario-driven visuals and HUD state; aggregate capped slightly because no in-session browser MCP or Playwright tooling was available to observe live clicks, canvas pixels, console, network, or to save mandated screenshot artifacts.",.runs/runs-cursor-26211340436/.runs/2026-05-21T07-18-05-553Z/results.json
Cursor CLI,react-nextjs-fe,5/20/2026 16:05,composer-2-fast,"786,500",No,"711,000",cursor/composer-2-fast,No,5-8,9.6,0.94,19900,21200,745400.0,,,,,"Aurora Simulation Lab under counter-app compiled with a successful Next production build; a Playwright-driven cycle against localhost confirmed document title, a WebGL canvas, four scenario buttons, Run/Pause/Reset flows with changing mission progress and multiple telemetry fields, pause freezing telemetry drift, Reset restoring the specified Borealis Gate defaults, scenario-dependent telemetry updates, and clean browser consoles; desktop and mobile screenshots were captured for visual evidence alongside idiomatic React Three Fiber source structure.",.runs/runs-cursor-26174307826/.runs/2026-05-20T16-05-51-785Z/results.json
Cursor CLI,react-nextjs-fe,5/20/2026 12:47,composer-2-fast,"800,600",No,"794,700",cursor/composer-2-fast,No,5-8,9.2,0.93,39000,18900,742700.0,,,,,"Aurora Simulation Lab under counter-app/: `npm run build` succeeded; a fresh `next start` on port 3000 plus Playwright exercised the scenario `<select>`, Run Simulation, Pause, and Reset with DOM reads showing Borealis Gate defaults restored after Reset and multi-field telemetry/progress movement after Run; headless Chromium confirmed a WebGL `canvas` after hydrate; no console/page errors; desktop/mobile screenshots written as aurora-home.png, aurora-mobile-check.png, aurora-home-eval.png, and aurora-mobile-eval.png at repo root.",.runs/runs-cursor-26163082107/.runs/2026-05-20T12-47-24-500Z/results.json
Cursor CLI,react-nextjs-fe,5/20/2026 12:39,composer-2-fast,"506,500",No,"1,014,500",cursor/composer-2-fast,No,5-8,9.0,0.93,51700,17600,437200.0,,,,,"Strong compile-time and production-runtime verification of Aurora Simulation Lab in counter-app: successful next build plus Playwright against next start confirming scenario select, ACTIVE telemetry drift, PAUSED freezes DOM metrics, Reset restores exact stated Borealis Gate defaults with WebGL canvas; desktop and mobile screenshots show cohesive mission HUD and meaningful R3F scene differing by scenario.",.runs/runs-cursor-26162502055/.runs/2026-05-20T12-39-04-056Z/results.json
Cursor CLI,react-nextjs-fe,5/18/2026 8:02,composer-2-fast,"559,200",No,"136,300",cursor/composer-2-fast,No,5-8,9.0,0.89,20900,18500,519800.0,,,,,"Executed `counter-app/npm run build` successfully; HTTP GET http://127.0.0.1:3000 returned `<title>Aurora Simulation Lab</title>` matching product naming. Aurora Simulation Lab ships a typed four-scenario model, HUD telemetry/progress wiring, React Three Fiber/Three Canvas with pause-aware frames, and no obvious client risks in reviewed code—strong multi-signal positive. Remaining uncertainty is inherently behavioral/visual without Playwright/browser MCP clicks or screenshots despite tool-output claims.",.runs/runs-cursor-26020929268/.runs/2026-05-18T08-02-58-235Z/results.json
Cursor CLI,react-nextjs-fe,5/15/2026 13:39,composer-2-fast,"1,030,700",No,"117,500",cursor/composer-2-fast,No,5-8,8.5,0.91,173200,22500,835000.0,,,,,"Aurora Simulation Lab under counter-app builds with Next.js 16; R3F/three scene and full HUD/control logic are present in source. This evaluation session has no browser or MCP automation tools, so Run/Pause/Reset DOM behavior and visual rendering were not instrumentally observed; assessment relies on successful npm run build and code-path review.",.runs/runs-cursor-25920720741/.runs/2026-05-15T13-39-19-203Z/results.json
Cursor CLI,react-nextjs-fe,5/15/2026 12:36,composer-2-fast,"531,400",No,"115,900",cursor/composer-2-fast,No,5-8,8.0,0.91,59500,18700,453200.0,,,,,"Aurora Simulation Lab in counter-app compiles cleanly and source shows full simulation wiring; this session had no Playwright or browser MCP tools so live UI and screenshots could not be captured, and a small operator-precedence bug in AuroraScene limits code perfection.",.runs/runs-cursor-25917918167/.runs/2026-05-15T12-36-07-544Z/results.json
Cursor CLI,react-nextjs-fe,5/15/2026 12:17,composer-2-fast,"585,900",No,"112,600",cursor/composer-2-fast,No,5-8,8.3,0.92,94300,18900,472700.0,,,,,"Build succeeded in counter-app; HTTP check on port 3000 returned the Aurora Simulation Lab document title. Scenario selector, run/pause/reset, telemetry loop, and React Three Fiber scene are implemented coherently in source. This session has no browser automation to exercise controls or capture screenshots, so behavioral and visual judgments lean on compile-time and static evidence.",.runs/runs-cursor-25917141766/.runs/2026-05-15T12-17-04-950Z/results.json
Cursor CLI,react-nextjs-fe,5/15/2026 11:33,composer-2-fast,"760,400",No,"664,500",cursor/composer-2-fast,No,5-8,9.2,0.93,94000,21700,644700.0,,,,,"Direct verification: `npm run build` in `counter-app` succeeds; Playwright against `http://localhost:3000` confirms a live `<canvas>` WebGL surface, four scenarios in the selector with UI reflecting Helios Forge after change, Run advances mission progress and multiple telemetry fields, Pause holds telemetry steady across reads, and Reset restores Borealis Gate benchmark defaults (0.0% progress, 66.0% stability, 28.0 TW charge, 0 kb/s yield, 42.4 ms pulse). Source shows real React Three Fiber + Three.js scene logic (not CSS-only).",.runs/runs-cursor-25915339843/.runs/2026-05-15T11-33-28-969Z/results.json
Cursor CLI,react-nextjs-fe,5/15/2026 11:18,composer-2-fast,"602,100",No,"493,300",cursor/composer-2-fast,No,5-8,8.5,0.89,103100,17100,481900.0,,,,,"Aurora Simulation Lab compiles cleanly (next build succeeded) and responds on port 3000 with the correct document title plus client chunks referencing aurora-lab; source in counter-app/app/aurora-lab.tsx coherently wires four scenarios, Run/Pause/Reset, telemetry, and a React Three Fiber Canvas. Overall confidence is capped slightly because this session has no MCP/Playwright browser automation and headless Chromium screenshot attempts did not complete, so live DOM interaction and full visual capture were not independently observed.",.runs/runs-cursor-25914770900/.runs/2026-05-15T11-18-54-543Z/results.json
Cursor CLI,react-nextjs-fe,5/15/2026 10:23,composer-2-fast,"602,800",No,"4,820,700",copilot/gpt-5.4,No,5-8,9.0,0.95,23300,18000,561500.0,,,,,"Aurora Simulation Lab is implemented in the required `counter-app/` app, builds cleanly, exposes a real WebGL simulation with scenario-driven state, and showed end-to-end Run/Pause/Reset behavior in the live browser. The main deductions are code centralization in `counter-app/app/aurora-lab.tsx` and a minor runtime warning baseline (THREE.Clock deprecation plus Playwright-induced WebGL readback warnings), not functional breakage.",.runs/2026-05-15T10-23-35-060Z/results.json
Cursor CLI,react-nextjs-fe,5/15/2026 10:15,composer-2-fast,"496,200",No,"188,600",cursor/composer-2-fast,No,5-8,8.8,0.91,62100,17600,416500.0,,,,,"Aurora Simulation Lab under counter-app builds; SSR and source confirm R3F WebGL, four scenarios, HUD, and gated animations. Full click-through telemetry transitions were not instrumented here without browser automation.",.runs/runs-cursor-25912386954-7014863932/.runs/2026-05-15T10-15-40-659Z/results.json
Cursor CLI,react-nextjs-fe,5/15/2026 10:06,composer-2-fast,"743,000",No,"1,505,600",copilot/gpt-5.4,No,5-8,8.4,0.93,125100,19500,598400.0,,,,,"Aurora Simulation Lab is convincingly implemented in counter-app with a successful Next.js build, real React Three Fiber/Three.js scene wiring, typed scenario data, default Borealis Gate telemetry matching the spec, and clear Run/Pause/Reset logic. The main gap is end-to-end browser verification: Playwright navigation to http://127.0.0.1:3000 repeatedly timed out and the required fallback host.docker.internal failed with DNS resolution, so visual polish and live interaction behavior could only be scored conservatively from source plus HTTP-served initial DOM rather than direct UI interaction.",.runs/2026-05-15T10-06-17-277Z/results.json
Cursor CLI,react-nextjs-fe,5/15/2026 10:00,composer-2-fast,"337,700",No,"108,300",cursor/composer-2-fast,No,5-8,8.0,0.91,24600,15000,298100.0,,,,,"Production build succeeds and counter-app cleanly implements Aurora Simulation Lab with real WebGL via React Three Fiber, scenario-driven visuals, HUD telemetry, and wired Run/Pause/Reset handlers; scoring is tempered because this session has no browser automation or screenshot capture so live interaction, motion polish, and console/network hygiene were not directly observed.",.runs/runs-cursor-25911736794/.runs/2026-05-15T10-00-46-232Z/results.json
Copilot CLI,react-nextjs-fe,5/15/2026 9:54,gpt-5.4,"4,234,100",No,"1,538,300",copilot/gpt-5.4,No,1,8.7,0.95,2100000,24900,2100000.0,,9200.0,,,"Aurora Simulation Lab is a strong submission: `counter-app/package.json` exists, the Next.js build succeeds, a real React Three Fiber/Three.js canvas renders, scenario selection updates the live UI, `Run Simulation` advances mission progress and multiple telemetry values, `Pause` freezes them, and `Reset` restores the documented Borealis Gate defaults. The main deductions are maintainability from a very large single `app/page.tsx` file and the lack of direct pixel-level proof that scenario changes materially alter the rendered WebGL image, even though the runtime UI and source wiring strongly indicate they do.",.runs/2026-05-15T09-54-39-473Z/results.json
Copilot CLI,react-nextjs-fe,5/15/2026 9:54,gpt-5.4,"4,234,100",Yes,"1,538,300",copilot/gpt-5.4,Yes,1,8.7,0.95,2100000,24900,2100000.0,,9200.0,,,"Aurora Simulation Lab is a strong submission: `counter-app/package.json` exists, the Next.js build succeeds, a real React Three Fiber/Three.js canvas renders, scenario selection updates the live UI, `Run Simulation` advances mission progress and multiple telemetry values, `Pause` freezes them, and `Reset` restores the documented Borealis Gate defaults. The main deductions are maintainability from a very large single `app/page.tsx` file and the lack of direct pixel-level proof that scenario changes materially alter the rendered WebGL image, even though the runtime UI and source wiring strongly indicate they do.",.runs/runs-copilot-25911139711/.runs/2026-05-15T09-54-39-473Z/results.json
Cursor CLI,react-nextjs-fe,5/15/2026 9:52,composer-2-fast,"933,600",No,"5,111,500",copilot/gpt-5.4,No,5-8,9.4,0.96,101300,27600,804700.0,,,,,"Aurora Simulation Lab meets the brief with a successful Next.js build, a live React Three Fiber/WebGL scene, polished responsive presentation, and end-to-end browser-verified controls: scenario switching updates the UI and scene, Run advances progress plus telemetry, Pause freezes live state, and Reset restores the exact Borealis Gate defaults.",.runs/2026-05-15T09-52-36-387Z/results.json
Copilot CLI,react-nextjs-fe,5/15/2026 9:52,gpt-5.4,"7,035,000",No,"4,211,100",copilot/gpt-5.4,No,1,8.2,0.95,3500000,25100,3500000.0,,9900.0,,,"Aurora Simulation Lab built successfully and the live verification cycle confirmed a real browser-rendered simulation flow: the selector exposed four scenarios, Run advanced status/progress plus all telemetry cards, Pause froze the values, and Reset restored the default Borealis Gate state. The strongest weakness is presentation quality on smaller screens, where the mobile capture shows clipping/stacking issues and a large dark gap in the simulation area, which pulls down both design and compliance despite a polished desktop layout and solid interaction behavior.",.runs/runs-copilot-25910961956/.runs/2026-05-15T09-52-03-562Z/results.json
Cursor CLI,react-nextjs-fe,5/15/2026 9:45,composer-2-fast,"646,500",No,"130,600",cursor/composer-2-fast,No,5-8,8.6,0.92,88100,19600,538800.0,,,,,"counter-app builds successfully; Aurora Simulation Lab delivers client-only R3F WebGL, four scenario options, HUD telemetry, and coherent Run/Pause/Reset state in source. This session lacks interactive browser or screenshot capture tools, so behavioral certainty rests on build plus code paths while visual polish is judged conservatively from CSS structure.",.runs/runs-cursor-25911139711/.runs/2026-05-15T09-45-58-060Z/results.json
Copilot CLI,react-nextjs-fe,5/15/2026 9:21,gpt-5.4,"3,826,900",No,"5,914,800",copilot/gpt-5.4,No,1,8.2,0.96,1900000,20600,1900000.0,,6300.0,,,"Aurora Simulation Lab builds cleanly and the live verification confirms a real WebGL/React Three Fiber simulation with working scenario selection plus Run, Pause, and Reset behavior. Desktop presentation is polished and the scene is meaningfully implemented, but the mobile capture shows a major responsive overflow/clipping issue in the hero section that pulls compliance and visual scores down.",.runs/runs-copilot-25909822197/.runs/2026-05-15T09-21-33-400Z/results.json
Cursor CLI,react-nextjs-fe,5/15/2026 9:18,composer-2-fast,"752,900",No,"936,300",cursor/composer-2-fast,No,5-8,9.4,0.94,103100,22200,627600.0,,,,,"Aurora Simulation Lab in counter-app compiled cleanly (`npm run build`), and a single headless browser pass on a fresh `npm run dev` confirmed the document title, Borealis Gate default telemetry/progress, material telemetry and mission progress changes after Run Simulation, Pause/Resume phase and scene-mode changes, full default restoration after Reset, and scenario-specific HUD copy and telemetry after switching to Helios Lattice, with a WebGL canvas present while running and no client console errors. Screenshots `aurora-home.png`, `aurora-mobile-check.png`, `aurora-home-eval.png`, and `aurora-mobile-eval.png` were captured for visual evidence.",.runs/2026-05-15T09-18-44-321Z/results.json
Cursor CLI,react-nextjs-fe,5/15/2026 9:18,composer-2-fast,"752,900",No,"936,300",cursor/composer-2-fast,No,5-8,9.4,0.94,103100,22200,627600.0,,,,,"Aurora Simulation Lab in counter-app compiled cleanly (`npm run build`), and a single headless browser pass on a fresh `npm run dev` confirmed the document title, Borealis Gate default telemetry/progress, material telemetry and mission progress changes after Run Simulation, Pause/Resume phase and scene-mode changes, full default restoration after Reset, and scenario-specific HUD copy and telemetry after switching to Helios Lattice, with a WebGL canvas present while running and no client console errors. Screenshots `aurora-home.png`, `aurora-mobile-check.png`, `aurora-home-eval.png`, and `aurora-mobile-eval.png` were captured for visual evidence.",.runs/runs-cursor-25909822197/.runs/2026-05-15T09-18-44-321Z/results.json
Copilot CLI,react-nextjs-fe,5/15/2026 8:57,gpt-5.4,"4,223,800",Yes,"3,109,000",copilot/gpt-5.4,Yes,1,8.7,0.93,2100000,18500,2100000.0,,5300.0,,,"Aurora Simulation Lab is implemented in counter-app as a real Next.js App Router site with a React Three Fiber/WebGL scene, polished responsive styling, successful production build, visible scenario switching, live telemetry/progress changes on run, and verified reset back to the default Borealis Gate values. The main deduction is that live pause behavior was not directly confirmed end to end because the simulation reached COMPLETE before Pause could be exercised in the browser pass, so that control is supported strongly by source evidence but only partially by runtime evidence.",.runs/2026-05-15T08-57-56-145Z/results.json
Copilot CLI,react-nextjs-fe,5/15/2026 8:57,gpt-5.4,"4,223,800",Yes,"3,109,000",copilot/gpt-5.4,Yes,1,8.7,0.93,2100000,18500,2100000.0,,5300.0,,,"Aurora Simulation Lab is implemented in counter-app as a real Next.js App Router site with a React Three Fiber/WebGL scene, polished responsive styling, successful production build, visible scenario switching, live telemetry/progress changes on run, and verified reset back to the default Borealis Gate values. The main deduction is that live pause behavior was not directly confirmed end to end because the simulation reached COMPLETE before Pause could be exercised in the browser pass, so that control is supported strongly by source evidence but only partially by runtime evidence.",.runs/runs-copilot-25908915860/.runs/2026-05-15T08-57-56-145Z/results.json
Cursor CLI,react-nextjs-fe,5/15/2026 8:53,composer-2-fast,"434,300",No,"154,000",cursor/composer-2-fast,No,5-8,8.8,0.92,25200,20000,389100.0,,,,,"Weighted across five criteria. Evidence includes successful next build under counter-app, live HTTP HTML from localhost:3000 showing Aurora Simulation Lab title, default Borealis telemetry with canvas and Three/R3F bundles, plus source confirming scenario palettes, motion gating on pause, and reset remount. Playwright or MCP browser automation was not available in this session, so interaction was validated via implementation analysis layered with the initial rendered DOM snapshot rather than post-click DOM polling.",.runs/2026-05-15T08-53-29-178Z/results.json
Cursor CLI,react-nextjs-fe,5/15/2026 8:53,composer-2-fast,"434,300",No,"154,000",cursor/composer-2-fast,No,5-8,8.8,0.92,25200,20000,389100.0,,,,,"Weighted across five criteria. Evidence includes successful next build under counter-app, live HTTP HTML from localhost:3000 showing Aurora Simulation Lab title, default Borealis telemetry with canvas and Three/R3F bundles, plus source confirming scenario palettes, motion gating on pause, and reset remount. Playwright or MCP browser automation was not available in this session, so interaction was validated via implementation analysis layered with the initial rendered DOM snapshot rather than post-click DOM polling.",.runs/runs-cursor-25908915860/.runs/2026-05-15T08-53-29-178Z/results.json
Cursor CLI,react-nextjs-fe,5/15/2026 8:06,composer-2-fast,"595,300",No,"166,400",cursor/composer-2-fast,No,5-8,8.7,0.92,578400,16900,,,,,,"Aurora Simulation Lab under counter-app compiles (`npm run build` succeeds); served `/` HTML confirms metadata title, four scenario `<option>`s, Run/Pause/Reset, Borealis Gate defaults (0% mission progress, 66.0% stability, 28.0 TW charge, 0 kb/s yield, 92.4% lattice coherence), and a `<canvas>` with Three/R3F bundles linked; source cleanly binds pause via `motionMultiplier === 0` and clears telemetry ticks while scenarios reconfigure fog, camera, and geometry. No Playwright/MCP browser or screenshot capture in this session, so live click-through telemetry motion and pixel-level polish were not directly observed.",.runs/2026-05-15T08-06-08-218Z/results.json
Cursor CLI,react-nextjs-fe,5/15/2026 8:06,composer-2-fast,"595,300",No,"166,400",cursor/composer-2-fast,No,5-8,8.7,0.92,578400,16900,,,,,,"Aurora Simulation Lab under counter-app compiles (`npm run build` succeeds); served `/` HTML confirms metadata title, four scenario `<option>`s, Run/Pause/Reset, Borealis Gate defaults (0% mission progress, 66.0% stability, 28.0 TW charge, 0 kb/s yield, 92.4% lattice coherence), and a `<canvas>` with Three/R3F bundles linked; source cleanly binds pause via `motionMultiplier === 0` and clears telemetry ticks while scenarios reconfigure fog, camera, and geometry. No Playwright/MCP browser or screenshot capture in this session, so live click-through telemetry motion and pixel-level polish were not directly observed.",.runs/runs-cursor-25907223633/.runs/2026-05-15T08-06-08-218Z/results.json
Cursor CLI,react-nextjs-fe,5/15/2026 7:11,composer-2-fast,"597,600",No,"407,000",cursor/composer-2-fast,No,5-8,9.0,0.92,164800,24500,408300.0,,,,,"Aurora Simulation Lab under counter-app passes next build, serves correct document title over HTTP, and source implements R3F scenarios, HUD controls, and telemetry wiring; full click-level UI verification and pixel screenshots were not available in this evaluator session.",.runs/2026-05-15T07-11-43-420Z/results.json
Cursor CLI,react-nextjs-fe,5/15/2026 7:11,composer-2-fast,"597,600",No,"407,000",cursor/composer-2-fast,No,5-8,9.0,0.92,164800,24500,408300.0,,,,,"Aurora Simulation Lab under counter-app passes next build, serves correct document title over HTTP, and source implements R3F scenarios, HUD controls, and telemetry wiring; full click-level UI verification and pixel screenshots were not available in this evaluator session.",.runs/runs-cursor-25905006328/.runs/2026-05-15T07-11-43-420Z/results.json
Copilot CLI,react-nextjs-fe,5/15/2026 7:11,gpt-5.4,"4,424,400",No,"2,510,500",copilot/gpt-5.4,No,1,8.6,0.96,2200000,18800,2200000.0,,5600.0,,,"Aurora Simulation Lab builds cleanly and the live app verified the core simulation loop end to end: the 4-scenario selector works, Run changed status/phase/progress plus all telemetry values, Pause held the state steady across repeated reads, and Reset restored the default Borealis Gate values. The main gap is presentation consistency: the mobile capture shows a convincing WebGL orbital scene, but the saved desktop capture leaves the simulation surface looking largely empty, and the implementation is concentrated in one very large page component.",.runs/2026-05-15T07-11-42-111Z/results.json
Copilot CLI,react-nextjs-fe,5/15/2026 7:11,gpt-5.4,"4,424,400",Yes,"2,510,500",copilot/gpt-5.4,No,1,8.6,0.96,2200000,18800,2200000.0,,5600.0,,,"Aurora Simulation Lab builds cleanly and the live app verified the core simulation loop end to end: the 4-scenario selector works, Run changed status/phase/progress plus all telemetry values, Pause held the state steady across repeated reads, and Reset restored the default Borealis Gate values. The main gap is presentation consistency: the mobile capture shows a convincing WebGL orbital scene, but the saved desktop capture leaves the simulation surface looking largely empty, and the implementation is concentrated in one very large page component.",.runs/runs-copilot-25905006328/.runs/2026-05-15T07-11-42-111Z/results.json
Copilot CLI,react-nextjs-fe,5/15/2026 6:27,gpt-5.4,"8,029,700",Yes,"101,100",copilot/gpt-5.4,No,1,8.2,0.94,4000000,23200,4000000.0,,6500.0,,,"Aurora Simulation Lab shows strong delivery evidence from the captured workflow: the app was scaffolded non-interactively in `counter-app`, `npm run build` passed, a single Playwright verification cycle on `localhost:3000` exercised scenario selection plus Run/Pause/Reset, reset reportedly restored the Borealis Gate defaults, and desktop/mobile screenshots were saved. The main deductions are limited inline proof of the rendered visuals and pause-state behavior, plus maintainability concerns from a very large `counter-app/app/page.tsx` implementation.",.runs/runs-copilot-25903558526/.runs/2026-05-15T06-27-28-008Z/results.json
Copilot CLI,react-nextjs-fe,5/15/2026 6:16,gpt-5.4,"7,832,400",Yes,"3,610,400",copilot/gpt-5.4,Yes,1,8.8,0.96,3900000,24200,3900000.0,,8200.0,,,"Aurora Simulation Lab is a strong Next.js/WebGL simulation app: counter-app builds cleanly, the live UI exposes four working scenarios plus Run/Pause/Reset controls, the mission state and telemetry visibly change in-browser, and the responsive presentation is polished. The main deductions are maintainability from a very large single simulation-lab.tsx file and repeated Three.js deprecation/performance warnings during runtime.",.runs/runs-copilot-25903044700/.runs/2026-05-15T06-16-54-004Z/results.json
Copilot CLI,react-nextjs-fe,5/14/2026 13:05,gpt-5.4,"4,433,200",Yes,"4,111,300",copilot/gpt-5.4,Yes,1,6.8,0.95,2200000,23800,2200000.0,,9400.0,,,"Aurora Simulation Lab compiles, renders a polished mission-control UI, and includes a real React Three Fiber/WebGL surface, but the live verification showed the core controls not changing runtime state: the page stayed on Borealis Gate with Standby, 0% mission progress, and default telemetry after observed scenario and Run interactions. That leaves the app visually strong and structurally complete, but materially short on end-to-end simulation behavior.",.runs/2026-05-14T13-05-36-254Z/results.json
Copilot CLI,react-nextjs-fe,5/14/2026 13:05,gpt-5.4,"4,433,200",Yes,"4,111,300",copilot/gpt-5.4,Yes,1,6.8,0.95,2200000,23800,2200000.0,,9400.0,,,"Aurora Simulation Lab compiles, renders a polished mission-control UI, and includes a real React Three Fiber/WebGL surface, but the live verification showed the core controls not changing runtime state: the page stayed on Borealis Gate with Standby, 0% mission progress, and default telemetry after observed scenario and Run interactions. That leaves the app visually strong and structurally complete, but materially short on end-to-end simulation behavior.",.runs/runs-copilot-25861052172/.runs/2026-05-14T13-05-36-254Z/results.json
Copilot CLI,react-nextjs-fe,5/14/2026 11:37,gpt-5.4,"3,018,600",Yes,"5,512,900",copilot/gpt-5.4,Yes,1,9.1,0.96,1500000,14000,1500000.0,,4600.0,,,"Aurora Simulation Lab is a polished, responsive Next.js app that builds cleanly and now passes live verification on localhost: the scenario selector updates visible content, Run changes mission progress and telemetry, Pause freezes the simulation with a visible paused state, Reset restores the default Borealis Gate values, and the UI presents a strong cinematic mission-control experience.",.runs/2026-05-14T11-37-05-172Z - aurora whitout 3D render/results.json
Copilot CLI,react-nextjs-fe,5/14/2026 11:37,gpt-5.4,"3,018,600",Yes,"5,512,900",copilot/gpt-5.4,Yes,1,9.1,0.96,1500000,14000,1500000.0,,4600.0,,,"Aurora Simulation Lab is a polished, responsive Next.js app that builds cleanly and now passes live verification on localhost: the scenario selector updates visible content, Run changes mission progress and telemetry, Pause freezes the simulation with a visible paused state, Reset restores the default Borealis Gate values, and the UI presents a strong cinematic mission-control experience.",.runs/runs-copilot-25857476041/.runs/2026-05-14T11-37-05-172Z/results.json
Copilot CLI,react-nextjs-fe,5/14/2026 10:51,gpt-5.4,"2,715,800",Yes,"3,608,700",copilot/gpt-5.4,Yes,1,9.3,0.97,1400000,13000,1300000.0,,2800.0,,,"Aurora Simulation Lab is a polished Next.js simulation page that built successfully and held up in a live browser pass: the scenario selector exposed Borealis Gate, Helios Drift, and Umbra Cascade; Run Simulation advanced status, phase, mission progress, and multiple telemetry values; Pause froze an in-flight Borealis run at 78% with telemetry unchanged after an additional wait; and Reset restored the default Borealis Gate state of 0% progress, 66.0% Stability, 28.0 TW Charge, and 0 kb/s Yield. The main deductions are architectural rather than behavioral: most UI and state logic lives in a single app/page.tsx file, and the visual experience, while strong, is still a focused single-screen dashboard rather than a deeper multi-panel simulation system.",.runs/runs-copilot-25855712728/.runs/2026-05-14T10-51-20-133Z/results.json
Copilot CLI,react-nextjs-fe,5/14/2026 10:32,gpt-5.4,"2,916,400",Yes,"4,110,900",copilot/gpt-5.4,Yes,1,9.0,0.94,1500000,13400,1400000.0,,3000.0,,,"Aurora Simulation Lab is implemented in the required counter-app Next.js app, builds successfully, shows a polished mission-control UI on desktop and mobile, exposes a real 3-option scenario selector plus Run/Pause/Reset controls, and restores the documented Borealis Gate defaults after Reset. Live verification confirmed title, selector options, scenario switching, progress/telemetry changes on Run, clean console/network output, and the expected default reset state; the only notable deduction is that runtime progress advanced to completion faster than the interval logic suggests during the normal Run checks, which makes Pause behavior slightly less convincing than the rest.",.runs/runs-copilot-25854881446/.runs/2026-05-14T10-32-54-120Z/results.json
Copilot CLI,react-nextjs-fe,5/13/2026 17:00,gpt-5.4,"1,557,900",Yes,"102,416",copilot/gpt-5.4,No,1,8.1,0.8,809100,3100,744400.0,,1300.0,,,"Aurora Simulation Lab has strong evidence of a working, polished Next.js implementation: counter-app/package.json exists, app/layout.tsx and app/page.tsx were reviewed, npm run build succeeded, and a single Playwright pass confirmed the default Borealis Gate state, state changes after Run Simulation, and restoration after Reset. The main gaps are incomplete live verification of the scenario selector and Pause control, plus limited direct evidence for security checks and maintainability beyond file inspection.",.runs/2026-05-13T17-00-00-000Z/results.json
Copilot CLI,react-nextjs-fe,5/13/2026 16:07,gpt-5.4,"1,805,800",Yes,"2,508,100",copilot/gpt-5.4,Yes,1,9.1,0.94,909500,2300,892800.0,,1200.0,,,"Aurora Simulation Lab is a polished, fully compiling Next.js App Router experience with verified scenario selection, live simulation controls, responsive layout, and no obvious client-side security issues; the main deduction is that the captured evidence does not directly show the original non-interactive scaffold command and the implementation concentrates most logic in one large page component.",.runs/2026-05-13T16-07-57-685Z/results.json
Copilot CLI,react-nextjs-fe,5/13/2026 14:36,gpt-5.4,"1,557,900",Yes,"102,416",copilot/gpt-5.4,No,1,8.1,0.8,809100,3100,744400.0,,1300.0,,,"Aurora Simulation Lab has strong evidence of a working, polished Next.js implementation: counter-app/package.json exists, app/layout.tsx and app/page.tsx were reviewed, npm run build succeeded, and a single Playwright pass confirmed the default Borealis Gate state, state changes after Run Simulation, and restoration after Reset. The main gaps are incomplete live verification of the scenario selector and Pause control, plus limited direct evidence for security checks and maintainability beyond file inspection.",.runs/2026-05-13T14-36-57-841Z/results.json
Copilot CLI,react-nextjs-fe,5/13/2026 9:59,gpt-5.4,"2,610,600",Yes,"101,787",copilot/gpt-5.4,No,1,7.8,0.71,1300000,6600,1300000.0,,4000.0,,,"Aurora Simulation Lab clearly exists in counter-app, builds successfully, and rendered in a live check with the expected title and a polished simulation-style UI. However, the single browser verification cycle did not observe the Run/Pause/Reset state transitions end to end, so key behavior is only partially confirmed from static review.",.runs/2026-05-13T09-59-58-760Z/results.json
Copilot CLI,react-nextjs-fe,5/13/2026 8:37,gpt-5.4,"1,067,300",Yes,"101,534",copilot/gpt-5.4,No,1,7.3,0.67,557500,3000,505000.0,,1800.0,,,"Aurora Simulation Lab shows strong static evidence of meeting the brief: App Router files exist, the page title is set, the build passes in counter-app, and the implementation is described as cinematic with scenarios, telemetry, and reset logic. The score is held back because the single live pass was limited by an already-running misconfigured dev process, so end-to-end behavior, mobile readability, and some requirement details remain only partially observed.",.runs/2026-05-13T08-37-44-651Z/results.json
Copilot CLI,react-nextjs-fe,5/13/2026 8:32,gpt-5.4,"1,924,100",Yes,"2,209,100",copilot/gpt-5.4,Yes,1,6.5,0.87,986000,4100,931500.0,,2500.0,,,"The app clearly exists in counter-app, uses Next App Router, and builds cleanly with a polished custom interface, but the live browser check showed a major gap: the scenario selector and Run/Pause/Reset controls did not produce observable state changes on the served page. That keeps the result above average for presentation and code structure, but below strong overall because the core interactive requirement was not demonstrated end to end.",.runs/2026-05-13T08-32-17-820Z/results.json
Copilot CLI,react-nextjs-fe,5/13/2026 8:03,gpt-5.4,"791,400",Yes,"1,287,400",copilot/gpt-5.4,No,1,8.5,0.78,402400,2500,385300.0,,1200.0,,,"counter-app builds successfully and serves the expected Aurora Simulation Lab page on localhost with the requested title, scenario content, telemetry section, and Run/Pause/Reset controls. Browser automation was unavailable without installing Playwright, so interaction and visual judgments are based on build output, live HTTP/DOM checks, and static code/CSS review rather than direct click-through verification.",.runs/2026-05-13T08-03-52-001Z/results.json
Copilot CLI,react-nextjs-fe,5/12/2026 15:43,gpt-5.4,"1,503,100",Yes,"908,600",copilot/gpt-5.4,Yes,1,8.4,0.79,772300,5200,722300.0,,3300.0,,,"counter-app exists, layout/page implement Aurora Simulation Lab, production build succeeds, and the dev server serves the expected UI markers at http://127.0.0.1:3000. Playwright/browser automation was unavailable, so interaction and visual polish are judged conservatively from static review plus live HTML evidence.",.runs/2026-05-12T15-43-25-868Z/results.json
Copilot CLI,react-nextjs-fe,5/11/2026 11:04,gpt-5.4,"1,260,300",No,"986,348",copilot/gpt-5.4,Yes,1,9.4,0.95,650800,4500,602800.0,,2200.0,,,"The app in counter-app is a valid Next.js App Router project with a successful production build, correct page title metadata, and verified live counter behavior at http://localhost:3000. It meets the task well; the main deductions are modest code-quality concerns from very minimal implementation choices such as heavy inline styling and the lack of stronger structure beyond a single client component.",.runs/2026-05-11T11-04-27-449Z/results.json
Copilot CLI,react-nextjs-fe,5/11/2026 8:56,gpt-5.4,"1,439,800",No,"251,486",copilot/gpt-5.4,No,1,8.9,0.87,723200,4400,710800.0,,1400.0,,,"counter-app/package.json exists, app/page.tsx and app/layout.tsx show a valid Next.js app-router structure with the interactive counter correctly isolated behind a client boundary and metadata title set to ""Counter App"", and npm run build in counter-app succeeded. Browser automation is not available in this session, so increment behavior and rendered title were not runtime-verified in a browser and are scored conservatively from build output plus static review.",.runs/2026-05-11T08-56-07-609Z/results.json
Copilot CLI,react-nextjs-fe,5/11/2026 8:56,gpt-5.4,"1,439,800",No,"251,486",copilot/gpt-5.4,No,1,8.9,0.87,723200,4400,710800.0,,1400.0,,,"counter-app/package.json exists, app/page.tsx and app/layout.tsx show a valid Next.js app-router structure with the interactive counter correctly isolated behind a client boundary and metadata title set to ""Counter App"", and npm run build in counter-app succeeded. Browser automation is not available in this session, so increment behavior and rendered title were not runtime-verified in a browser and are scored conservatively from build output plus static review.",.runs/2026-05-11T08-56-07-594Z - copilot w-MCP/results.json
Copilot CLI,react-nextjs-fe,5/11/2026 8:16,gpt-5.4,"1,419,200",No,"833,800",copilot/gpt-5.4,No,1,8.0,0.78,732900,3500,681100.0,,1700.0,,,"The app appears substantially correct: counter-app/package.json exists, app/page.tsx implements a client-side counter starting at 0 with an Increment button, and app/layout.tsx sets the title to Counter App. Tool output shows a successful build and local page fetch, but I could not rerun the build in this environment due permission restrictions and no browser automation was available, so final functionality confidence is moderate rather than high.",.runs/2026-05-11T08-16-19-422Z/results.json